,Coefficients,P-Values
const,6856.851066835946,1.0689594941656727e-13
TensorFlow,1669.8431992674134,1.3673672056133767e-10
Conferences,1023.7578344461587,1.3465541518931173e-09
Startup Development,1023.7578344461577,1.3465541518931333e-09
Security Consulting,1023.7578344461577,1.3465541518931333e-09
Public Speaking,1023.7578344461577,1.3465541518931333e-09
Practice Development,1023.7578344461577,1.3465541518931333e-09
Passionate about Work,1023.7578344461577,1.3465541518931333e-09
Management Consulting,1023.7578344461577,1.3465541518931333e-09
Executive Positions,1023.7578344461577,1.3465541518931333e-09
cutting-edge technology,1023.7578344461577,1.3465541518931333e-09
Innovation,1023.7578344461577,1.3465541518931333e-09
PyTorch,1481.3046729443038,2.616093545482283e-09
Leadership,1696.6920953433455,5.189905475906703e-08
Program Management,1615.6007504214197,6.772190226919019e-08
Equity Operations,626.2099288776022,8.573423104174064e-08
Gender Studies,626.2099288776022,8.573423104174064e-08
Genetics,626.2099288776022,8.573423104174064e-08
Religion,626.2099288776022,8.573423104174064e-08
Culture,626.2099288776022,8.573423104174064e-08
Coloring,626.2099288776036,8.573423104174064e-08
Sonar,626.2099288776022,8.573423104174064e-08
Direct Recruiting,626.2099288776022,8.573423104174064e-08
Disabilities,626.2099288776022,8.573423104174064e-08
work schedules,626.2099288776022,8.573423104174064e-08
Employment Discrimination,626.2099288776022,8.573423104174064e-08
Good Communication Skills,626.2099288776022,8.573423104174064e-08
Expression,626.2099288776022,8.573423104174064e-08
Background Checks,626.2099288775997,8.573423104174103e-08
Continuing Education,626.209928877602,8.573423104174138e-08
Product Development,1447.3104189661613,5.639695013615542e-07
Google Cloud,1184.4662577886195,5.999964728190385e-07
Planning,1653.001669303462,1.0363972065591857e-06
Customer Conversion,755.7834778350057,1.0718730917585355e-06
Nginx,755.7834778350061,1.0718730917585355e-06
Unicorn,755.7834778350061,1.0718730917585355e-06
Powerhouse,755.7834778350061,1.0718730917585355e-06
Protocol,755.7834778350061,1.0718730917585355e-06
Tapestry,755.7834778350061,1.0718730917585355e-06
Flutter,-2039.3127127343444,1.7144143811988416e-06
Business Affairs,937.2468740308558,2.0896941276131685e-06
Senior Executive Leadership,937.2468740308539,2.0896941276132388e-06
Software Product Management,937.2468740308539,2.0896941276132388e-06
Security Risk,937.2468740308539,2.0896941276132388e-06
Privacy,937.2468740308539,2.0896941276132388e-06
Production,1211.900728464869,2.544362248691962e-06
Adobe Analytics,1087.4845935399653,3.969003565089295e-06
Google Analytics,1087.4845935399615,3.969003565089961e-06
Develop reusable code,1087.4845935399615,3.969003565089961e-06
GraphQL,1087.4845935399615,3.969003565089961e-06
Automated Software Testing,769.1079624346912,4.524721649707792e-06
software test methodologies,769.1079624346903,4.5247216497079e-06
Software Testing Life Cycle,769.1079624346903,4.5247216497079e-06
software tests,769.1079624346903,4.5247216497079e-06
Time Management,769.1079624346903,4.5247216497079e-06
software test cases,769.1079624346903,4.5247216497079e-06
Visual Studio,-807.6790345657498,5.043828719067826e-06
Product Management,1286.2402564028066,6.591206700696786e-06
Concepts,958.9532317426906,9.388186411444105e-06
mentors team members,958.9532317426907,9.388186411444134e-06
Iterative Design,958.9532317426907,9.388186411444134e-06
Publications,835.219308123049,1.0888055715587596e-05
Quality Management,1036.5684383385367,1.3212173494179064e-05
Anthropology,411.2831531104585,1.3582779492150583e-05
Ecology,411.2831531104573,1.3582779492151396e-05
Media Outreach,411.2831531104573,1.3582779492151396e-05
Exhibitions,411.2831531104573,1.3582779492151396e-05
Educational Games,411.2831531104573,1.3582779492151396e-05
Player profiling,411.2831531104573,1.3582779492151396e-05
Innovator,411.2831531104573,1.3582779492151396e-05
recruiting professionals,411.2831531104573,1.3582779492151396e-05
Communication Design,411.28315311045594,1.3582779492151396e-05
Transdisciplinary Thinking,411.2831531104573,1.3582779492151396e-05
Curriculum Development,411.28315311045714,1.3582779492151524e-05
Animation,411.2831531104566,1.358277949215191e-05
Assessing,809.1082060186667,1.422699906836974e-05
Consumer Products,809.1082060186643,1.4226999068369786e-05
Public Transport,809.108206018664,1.4226999068369872e-05
Customer Relations,809.108206018664,1.4226999068369872e-05
Presales,809.108206018664,1.4226999068369872e-05
Tuning,809.108206018664,1.4226999068369872e-05
Open Source,809.108206018664,1.4226999068369872e-05
Transportation,809.108206018664,1.4226999068369872e-05
Cross Functional Relationships,1336.3807563556868,1.4556296799630897e-05
Operations Training,1336.3807563556861,1.4556296799631036e-05
Internationalization,1336.3807563556861,1.4556296799631036e-05
Data Administration,1336.3807563556861,1.4556296799631036e-05
Curating,1336.380756355685,1.4556296799631305e-05
.NET Core,-1233.8346443798062,2.132570635378408e-05
technical studies,1783.4930613164881,2.5771273227329048e-05
SQL Development,-1150.2408194127001,3.9912627139951326e-05
Passion for Helping Others,-1150.2408194127001,3.9912627139951326e-05
Customer Support,-1150.2408194127001,3.9912627139951326e-05
Product Launch,966.1756291555436,4.467408352494614e-05
Version Control,-2145.7171801111326,4.554470925284061e-05
Cloud,-2151.4215974666854,4.676369421352308e-05
Apple iOS,-736.5002944735432,5.5004270291325424e-05
Agile Methodolgy,-736.5002944735423,5.5004270291325885e-05
Android,-736.5002944735396,5.500427029132795e-05
API,1446.4904013849355,5.588489360543448e-05
UAT,-892.0772589418193,5.631549839023916e-05
Manual Testing,-1112.1652071888604,5.883841333230012e-05
Architecture,1497.0216987884185,6.160676298295353e-05
COTS packages,902.7495663142118,6.561607571341286e-05
DDP,902.749566314211,6.561607571341492e-05
Probability,902.749566314211,6.561607571341492e-05
Parallel Algorithms,902.749566314211,6.561607571341492e-05
Logical Reasoning,902.749566314211,6.561607571341492e-05
Performance Testing,-857.1250586251012,7.973118162943838e-05
Test Execution,-857.1250586251012,7.973118162943838e-05
Appium,-857.1250586250993,7.973118162944086e-05
Cross-functional Team Leadership,1071.105328490688,8.863115820202642e-05
Statistics,1163.8837782333876,8.91997685995241e-05
3D,783.6210099145256,9.273909745022405e-05
Publishing,951.9190445055444,9.351183684915378e-05
SAP Project Management,-893.3744477963554,9.637944439305575e-05
Finance,-893.3744477963554,9.637944439305575e-05
Test Development,-893.3744477963554,9.637944439305575e-05
Logistics,-893.3744477963554,9.637944439305575e-05
Architect,944.8993993941009,0.00010978196862775979
Translating,-975.2736641566286,0.00011074242709477521
Structural Engineering,666.6481893285564,0.00017723957144357176
Keras,666.6481893285564,0.00017723957144357176
Mentoring,666.6481893285564,0.00017723957144357176
Health Insurance,684.5584085169301,0.00019318112159146165
Embedded Systems,-796.6220178928335,0.00029684838936034605
DocuSign,404.0738521131958,0.0003046559991284086
Document Management,404.0738521131958,0.0003046559991284086
Licensing,404.0738521131958,0.0003046559991284086
Motions,404.0738521131958,0.0003046559991284086
Forecasting,404.0738521131958,0.0003046559991284086
Selling,404.0738521131958,0.0003046559991284086
Revenue Growth,404.0738521131958,0.0003046559991284086
Sales Management,404.0738521131958,0.0003046559991284086
CRM,404.07385211319496,0.0003046559991284118
Business Acumen,404.0738521131956,0.00030465599912841355
Data Modeling,1103.506635316709,0.00041065712062710876
Team Leadership,871.7635723620037,0.0004303166517844237
Collaboration,1195.1419368653383,0.0004478105861954483
Thai Language,709.1448325327963,0.0004532832309394591
Responsive Web Design,989.0611809460968,0.0005414298299166824
Coaching,683.1484028352422,0.0005571542308676773
People Management,683.1484028352418,0.0005571542308677153
Change Management,683.148402835241,0.0005571542308677267
React.js,1651.3200451466619,0.0006059644702532479
Web Applications,-1411.3696388908359,0.000615278143170498
ABAP,-658.6070474968809,0.0007769767376598549
Deployment,-1204.7401802977388,0.0007929698616256995
Construction,864.7784420897781,0.0008272132366316895
Team Player,-854.5563045862419,0.0008318824956995134
PMO,-640.8365600497201,0.0009110528027309943
Partner Management,-640.8365600497201,0.0009110528027309943
Resourcing,-640.8365600497201,0.0009110528027309943
trade show participation,475.3214252558253,0.0009180620852880752
Territory Account Management,475.3214252558253,0.0009180620852880752
Parallel Programming,475.3214252558253,0.0009180620852880752
Patterns,475.3214252558253,0.0009180620852880752
Technical Management,475.3214252558253,0.0009180620852880752
product feedback,475.3214252558253,0.0009180620852880752
Presentation,475.3214252558253,0.0009180620852880752
Applications,475.32142525582384,0.0009180620852881067
Layout,-551.1361094554316,0.0009180742023369647
IIS,-551.1361094554316,0.0009180742023369647
AJAX,-551.1361094554285,0.00091807420233712
Adaptable,748.6574295337954,0.0010433447371480814
ASP,-765.7161235881828,0.0010994471052261786
Commissioning,-807.1629565427888,0.0011465986121480794
Android Studio,-943.622498118302,0.0012987930732669588
Proposal Writing,-943.6224981183009,0.0012987930732669647
Global Service Delivery,757.3484442728019,0.00144957429725089
Refactoring,757.3484442728019,0.00144957429725089
State Government,757.3484442728019,0.00144957429725089
Applied Mathematics,480.63504233978296,0.0019462081076694656
Data Mining,480.63504233978205,0.0019462081076695066
Compression,480.635042339782,0.0019462081076695066
Avid,480.63504233978097,0.0019462081076695532
Capital Markets,-686.517134730518,0.0019876680239508493
Web Security,-686.5171347305168,0.0019876680239508684
Online Travel,-686.5171347305168,0.0019876680239508684
Adobe forms,234.76740029948067,0.00224328307098609
WebDynpro,234.76740029947996,0.002243283070986677
ECC,234.76740029947996,0.002243283070986677
IDOC,234.76740029947996,0.002243283070986677
Reports,234.76740029947996,0.002243283070986677
Functionality enhancements,234.76740029947996,0.002243283070986677
OData,234.76740029947996,0.002243283070986677
SAP ABAP BAPI,234.76740029947996,0.002243283070986677
SAP ABAP Workflow,234.76740029947996,0.002243283070986677
ABAP development,234.76740029948016,0.0022432830709867243
Pipelines,1093.7379156584916,0.002534950165377414
Interfaces,569.4367648412439,0.002768560026606735
Selenium,-540.1120382469325,0.002784873590814541
Automation Testing,-540.1120382469326,0.0027848735908145416
iOS,-1042.1289445291363,0.0029644805388682575
Consulting Engineering,414.24343535493705,0.0032414528106428715
Software Consulting,414.2434353549364,0.0032414528106429084
web builds,414.2434353549364,0.0032414528106429084
process narratives,414.2434353549364,0.0032414528106429084
Geospatial Intelligence,414.2434353549364,0.0032414528106429084
Compliance,414.2434353549363,0.0032414528106429084
Financial Services,414.2434353549364,0.0032414528106429084
Data Analytics,414.2434353549364,0.0032414528106429084
Cloud Computing,414.2434353549355,0.0032414528106429305
Project Planning,-869.5780625334735,0.003482601078783701
Risk Management,-715.4783995544719,0.003976606195188807
Angular,1264.9893677380849,0.004534620913222396
Services Solutions,499.5327250215744,0.004541295922033699
relationships with potential candidates,499.5327250215744,0.004541295922033699
Development Tools,499.5327250215744,0.004541295922033699
GIS projects,499.5327250215744,0.004541295922033699
RPG III,499.5327250215744,0.004541295922033699
Organizational Behavior,499.5327250215744,0.004541295922033699
IBM iSeries,499.5327250215744,0.004541295922033699
Architecture Design,667.2534681046809,0.005109679219890277
JavaScript,-1150.1116674602054,0.005313376932473753
Mockups,-998.1374160977401,0.0057058453566242095
Customerfacing,542.0983918268252,0.005752031038093797
Direct experience,802.2193088264511,0.005863178153334898
Emerging Trends,-875.6944625783926,0.006064905578840741
Project Delivery Management,556.4870580031334,0.006072544013146745
Software Development,765.9900074796637,0.006074593009851698
Advisement,440.98907590565767,0.006417799461803895
Test Planning,440.9890759056574,0.006417799461803997
Product Testing Management,440.9890759056574,0.006417799461803997
Vendor Development,440.9890759056574,0.006417799461803997
Test Reporting,440.9890759056574,0.006417799461803997
Organisational Strategy Formulation,440.9890759056574,0.006417799461803997
Acceptance Testing,440.9890759056533,0.006417799461804654
Azure,857.1829592969394,0.006430796637239773
System Architecture,1095.0268862959888,0.006471089761882664
Technical Design,1364.2186368954815,0.0074135108216995815
Bitbucket,583.8864882714189,0.007452729342588595
Software Testing,-594.6269562263717,0.007465029350731433
Agile Scrum,686.0171258591625,0.007859230337107104
SSL,600.9596733291268,0.008094445772129378
producing documentation,-566.0999236210805,0.00869841115029995
Drawing,-340.44988705047695,0.009308327500856368
Data Entry,-340.44988705047695,0.009308327500856368
Problem Identification,-340.44988705047695,0.009308327500856368
Equipment Maintenance,-340.44988705047695,0.009308327500856368
Technology Integration,-340.44988705047695,0.009308327500856368
Electrical Design,-340.44988705047695,0.009308327500856368
Written and Verbal Communication Abilities,-340.44988705047695,0.009308327500856368
Factory Acceptance Testing,-340.44988705047695,0.009308327500856368
Data Center,439.9782230503585,0.009401862089079347
IT knowledge,1145.3092531052203,0.009447217527482473
Data Science,553.2429538849041,0.009615695877916077
Content Creation,-471.86622662359935,0.009879170371239736
Microsoft SQL Server,-471.86622662359747,0.00987917037123998
Database Scripting,-471.86622662359747,0.00987917037123998
Automation of reports,-471.8662266235969,0.00987917037124011
JEE,-423.2382906121788,0.010025093268045245
Database Administration,-423.2382906121788,0.010025093268045245
Transaction Management,-423.2382906121788,0.010025093268045245
RabbitMQ,-727.2021699957302,0.010168125209872043
Authentication,473.61834356308464,0.012515631348134838
iOS Development,471.28400216576074,0.012753979321640678
Technology Development,471.28400216576074,0.012753979321640678
Peer Review,471.28400216576074,0.012753979321640678
high level languages,388.56054522250497,0.013224087434435776
Mandarin,388.56054522250497,0.013224087434435776
Protocol Management,388.56054522250497,0.013224087434435776
Trading System,388.56054522250497,0.013224087434435776
Throughput,388.56054522250497,0.013224087434435776
Core Network,388.560545222505,0.013224087434435776
Clearing,388.5605452225036,0.013224087434435913
Excel,-732.8416773489737,0.013232669498959028
User Experience,794.3758164484984,0.014573039038522308
Programming Languages,808.8676850434914,0.015381202625762492
Autonomous Vehicles,441.3813572674963,0.015569969266239958
planning studies,441.38135726749573,0.015569969266240016
real-time applications,441.38135726749573,0.015569969266240016
Simulation,441.38135726749573,0.015569969266240016
jQuery,-585.024705875676,0.016977033174400753
Intelligent Agents,488.3571872234705,0.017292806868178474
Unix,488.3571872234705,0.017292806868178474
Technical and Engineering Fundamentals,488.3571872234705,0.017292806868178474
Security Research,488.3571872234705,0.017292806868178474
SQL,-645.014304762783,0.017300614898722935
NoSQL,999.3154424042966,0.017373571029276023
distributed web applications,-595.423442029972,0.017891500367465264
WebSockets,-595.423442029972,0.017891500367465264
API Development,804.9781001712367,0.018071969270587445
Motor Drives,617.0419272861757,0.018274568114201833
Live Action,617.0419272861757,0.018274568114201833
engagement with external partners,617.0419272861757,0.018274568114201833
IT Management,298.0962779110711,0.018281641520218984
Engineering Leadership,298.0962779110711,0.018281641520218984
Team Motivation,298.0962779110711,0.018281641520218984
Customer Satisfaction,298.0962779110711,0.018281641520218984
Quick Learner,298.0962779110711,0.018281641520218984
Teamwork Skills,-452.09494205652106,0.018354062729667057
new technologies,559.2034414952186,0.01865357552666141
UAT testing,-608.8465612409391,0.019283755017539483
Technical Communication,542.7145230102026,0.02109593864146583
Operations Production,252.9474967221776,0.02234657378508664
Standards Compliance,252.9474967221776,0.02234657378508664
IFS,252.9474967221776,0.02234657378508664
Technology Implementation,252.9474967221776,0.02234657378508664
Low Volume,252.9474967221776,0.02234657378508664
Payments,252.9474967221776,0.02234657378508664
Cv Writing,252.9474967221776,0.02234657378508664
Service Delivery,252.9474967221776,0.02234657378508664
ensure sponsorship,252.9474967221776,0.02234657378508664
NodeJS,-1126.5613825754854,0.022373198558760975
UX,432.1086799848439,0.022442849176394084
Product Design,544.3741202201841,0.02309491513002836
ASP.NET Core,-334.91492411589695,0.02311250007281439
Migration Projects,-334.9149241158954,0.023112500072814887
Digital Transformation,-334.9149241158954,0.023112500072814887
mission critical systems,-334.9149241158954,0.023112500072814887
migration of systems,-334.9149241158954,0.023112500072814887
ASPNet,933.7279266161449,0.02377397399835003
Search Engine Technology,578.0186801238074,0.02451183938646977
Relational Databases,578.0186801238074,0.02451183938646977
Django web framework,578.0186801238074,0.02451183938646977
Django,578.0186801238074,0.02451183938646977
Infrastructure,517.8231909755775,0.024935850743280575
Data Engineering,-457.2803004078074,0.026634595267443634
System Maintenance,775.6077066217506,0.02726028269934033
Adaptability,-675.9741092110625,0.027422123769635705
define Roles,575.5952296798924,0.028429509073392038
Investigation,-496.9789563547042,0.028678862493283632
SAP Solutions,-651.0992761838698,0.02978219066313905
REST APIs development,-597.7950818381269,0.02988434174397677
Containerization,608.5160967196169,0.03002456317937404
Change Control Management,313.16496702849776,0.031022627238914007
regulatory standards,313.16496702849554,0.03102262723891415
System Development,313.16496702849554,0.03102262723891415
Post Production,313.16496702849554,0.03102262723891415
Documentation Skills,313.16496702849554,0.03102262723891415
Finance Industry,313.16496702849554,0.03102262723891415
Embedded Software,343.9521286939049,0.03155470906303924
Agile Development,1207.4356495454722,0.031900954631138956
Microsoft Visual Studio C++,-256.54292511031804,0.03272086000939188
technical deployment,-256.54292511031804,0.03272086000939188
Software support,-256.54292511031804,0.03272086000939188
AS400 Administration,-653.5634028148424,0.03274725360394239
AS400 system,-653.5634028148469,0.032747253603942615
Cucumber,317.01302037816987,0.033435281949511994
cloudera,391.54867350737464,0.034293896476174986
PaaS,391.54867350737464,0.034293896476174986
QlikSense,391.54867350737464,0.034293896476174986
Talend,391.54867350737464,0.034293896476174986
QlikView,391.54867350737464,0.034293896476174986
software version control,791.7811663396008,0.03455598292745161
MySQL,-964.3980685456829,0.03480702106485956
Management Skills,1047.5895979674467,0.035253415176294975
ServiceNow,-837.6714436981753,0.03684920923996386
C++,-598.3270399665522,0.038110904438980964
Teamwork,-754.5185768908217,0.0382577087535041
Microservices,1042.2922333630434,0.039043848412171595
Scope Management,279.21999406573485,0.03985454212776447
Risk Management Administration,279.21999406573485,0.03985454212776447
TPM,279.21999406573485,0.03985454212776447
Engineering,279.21999406573485,0.03985454212776447
Technical Product Development,279.21999406573485,0.03985454212776447
Budget,279.2199940657349,0.03985454212776471
Reliability Improvement,753.7605795978437,0.040096914131478076
Core Banking,-378.0434325356367,0.04034771192427764
IBM WebSphere MQ,-378.0434325356365,0.04034771192427773
Oracle Enterprise Linux,-378.0434325356365,0.04034771192427773
Splunk,-378.0434325356365,0.04034771192427773
Experience Design,-378.0434325356365,0.04034771192427773
Distributed Systems,607.0334796962475,0.04055495313483332
timely delivery,-409.35419217597973,0.0409382480926233
API Management,686.1439850051916,0.04106652503237445
Efficiency Improvement,495.25411783358044,0.04134885497889669
FastAPI,917.1054313330529,0.04153330113586235
Cloud Services,-471.918314648603,0.04455115045299925
Stored Procedures,-471.9183146486029,0.044551150452999524
Microsoft ASP development,-471.9183146486029,0.044551150452999524
Graduate Recruitment,-471.9183146486029,0.044551150452999524
RESTful API,-1099.4525161306067,0.04461368790842149
technical project management,-592.1438499691914,0.04504399016010934
Customer Service,468.46801365042427,0.04619598959241698
gRPC,-679.8758703545966,0.04641773763926448
High Availability,785.6019270438061,0.04907645574570475
Continuous Improvement,536.1322023530554,0.04921674516903658
Internal Communications,-183.01374219174573,0.05200827863130744
International Trade,-183.01374219174573,0.05200827863130744
Office Software,-183.01374219174573,0.05200827863130744
PLC,-183.01374219174573,0.05200827863130744
Catering,-183.01374219174502,0.052008278631307775
Credit Cards,-183.0137421917453,0.05200827863130798
Natural Language Processing,424.8056567054013,0.053062952511197456
GUI,-343.92439700036306,0.054069538393266774
SWIFT,287.5190285625894,0.05420752302668468
Oracle WebLogic Server,287.5190285625894,0.05420752302668468
SWIFT Messaging,287.5190285625894,0.05420752302668468
SWIFT Payments,287.5190285625894,0.05420752302668468
Electronic Fund Transfer,287.5190285625894,0.05420752302668468
SWIFT message,287.5190285625894,0.05420752302668468
Weblogic,287.5190285625894,0.05420752302668468
WebLogic Applicationserver,287.5190285625894,0.05420752302668468
International Payments,287.5190285625894,0.05420752302668468
Web Project Management,-206.16606218451568,0.05485873260364609
liaison with design teams,-206.16606218451568,0.05485873260364609
point of contact for clients,-206.16606218451568,0.05485873260364609
Project Management Tools,-206.16606218451568,0.05485873260364609
Delivery Management,-206.16606218451568,0.05485873260364609
project road maps,-206.16606218451568,0.05485873260364609
relationships with internal stakeholders,-206.16606218451568,0.05485873260364609
workaround solutions,-206.16606218451568,0.05485873260364609
Client Management,-206.16606218451517,0.05485873260364673
Automation Design,-271.3389377335762,0.0571824682849852
Object Oriented Software,-271.3389377335764,0.05718246828498533
Semiconductor Manufacturing,-271.3389377335764,0.05718246828498533
Precision Engineering,-271.3389377335764,0.05718246828498533
Object Oriented Design,-271.3389377335764,0.05718246828498533
Analytical Skills,-602.7646955421396,0.05745642373760462
Technical Support,-402.79477968493364,0.057515247833081165
Web Development,524.5538415290407,0.05786599995344649
Systems Integration,-489.92908481484017,0.05811480940562555
Mathematics,509.10671381709034,0.0636515130968179
Python,-778.2137495920899,0.0647556703806892
JavaScript Frameworks,-580.3157533973842,0.0654640556582073
Technical Leadership,466.40113768948936,0.06749972215021488
Networking,389.98712092313013,0.06958018945576884
Hardware,-652.5071991720688,0.06989583697043564
Business Process Mapping,-314.4175720035309,0.07007183055364309
provision of IT Solutions,-314.417572003529,0.07007183055364488
relationships with external stakeholders,-314.417572003529,0.07007183055364488
Cloud Technologies,-314.4175720035289,0.07007183055364549
Application Design,-314.4175720035284,0.07007183055364595
Application Security,-314.4175720035273,0.07007183055364631
Business Rules Engine,417.4895094575481,0.07232211230175811
AML,417.48950945754194,0.07232211230176142
Microsoft Azure,417.48950945754353,0.07232211230176273
Know Your Client - KYC,417.48950945754353,0.07232211230176273
integrated workflow,417.48950945754353,0.07232211230176273
Workflow,417.48950945754353,0.07232211230176273
Microsoft Windows,268.4372351986193,0.0740894698150569
Research Design,268.4372351986193,0.0740894698150569
Workplace Safety and Health,268.4372351986193,0.0740894698150569
Workplace Safety,268.4372351986193,0.0740894698150569
Budgets,-461.70105187910127,0.07788042746352787
Software Design,825.4606656111096,0.08003124458872492
Unit Testing,774.0547356223333,0.08221543242338514
SignalR,-414.6004424895995,0.08275118159885059
Identity Management,524.399782976386,0.08604308587241971
JDBC,250.55805154466412,0.08669675968429603
JSON,250.55805154466412,0.08669675968429603
Maven,250.55805154466412,0.08669675968429603
Backend Development,-520.9208374212851,0.09056267286896078
GCP,500.0806106406301,0.09109415188201715
Attention to Detail,-494.84844214610666,0.0912566905058103
RPG,675.0678003281162,0.09163782569245864
Timeline Development,675.0678003281162,0.09163782569245864
Regulatory Compliance,514.7189487353278,0.09375329422163611
Root Cause Analysis,-368.8000116068155,0.09378455867805477
Performance Tuning,361.65997840932397,0.09545132178535454
Eclipse,-282.165134271922,0.09594065196462596
DB2,-282.165134271922,0.09594065196462596
Encryption,-282.165134271922,0.09594065196462596
Struts,-282.165134271922,0.09594065196462596
Business Requirements,-588.2190168232792,0.09694311818133887
Decision Making,274.4689801552677,0.1006800907653568
PMP,155.24263630962926,0.10404773325139256
System Testing,155.24263630962926,0.10404773325139256
Procurement,155.24263630962926,0.10404773325139256
Microsoft Office,155.24263630962926,0.10404773325139256
IT hardware,155.24263630962926,0.10404773325139256
Windows,155.24263630962926,0.10404773325139256
ITIL,155.24263630962926,0.10404773325139256
Verbal Communication,155.24263630962926,0.10404773325139256
Active Directory,155.2426363096251,0.10404773325139831
Application Deployment,-251.68235161755396,0.10564108101804502
Incident & Problem,-251.68235161755314,0.10564108101804569
Server Upgrades,-251.68235161755314,0.10564108101804569
Ticketing Systems,-251.68235161755314,0.10564108101804569
Insurance industry,-251.68235161755314,0.10564108101804569
Kotlin,592.8743517891046,0.10684059394717825
Asset Liability Management,303.53956128095695,0.10854062246198885
Operational Delivery Teams,303.5395612809557,0.10854062246198962
Retail Banking,303.5395612809557,0.10854062246198962
SAS,303.5395612809557,0.10854062246198962
develop the requirements,303.5395612809557,0.10854062246198962
Treasury,303.5395612809557,0.10854062246198962
SCRUM-based development environment,278.0178086051531,0.1087638412154474
Microsoft Visio,278.0178086051531,0.1087638412154474
Business Process Analysis,278.0178086051525,0.10876384121544808
Installation Guides,-261.4126537296318,0.10970866098202074
Data Management Services,-261.4126537296318,0.10970866098202074
Informatica,-261.4126537296318,0.10970866098202074
Denodo,-261.4126537296318,0.10970866098202074
Data Warehouse Architecture,-261.4126537296318,0.10970866098202074
Education,417.366165310202,0.11317103530464954
Business Analysis,-251.2406988920998,0.11346966747503726
Written Communication,-467.09241657745764,0.11530426754376523
Oracle,307.1918009361419,0.11566305358314201
Able To Work Independently,-358.06444056225513,0.11711852494250971
Scalable Architecture,334.1101536606223,0.11729205363861481
CCNP,160.75822898462516,0.12359434851316954
BGP,160.75822898462494,0.12359434851317029
Network Automation,160.75822898462468,0.12359434851317076
OSPF,160.75822898462468,0.12359434851317076
WAN,160.75822898462468,0.12359434851317076
VPN,160.75822898462468,0.12359434851317076
CCNA,160.7582289846238,0.12359434851317234
Checkpoint,160.7582289846216,0.12359434851317665
Quality Control,-288.9099690811535,0.12550796585989374
Entity Framework,-476.41129917530947,0.1272832676284978
Spring,-1058.1241956928125,0.1291832357607809
Business Analyst,-547.3151416489864,0.12998766184751037
UNIX System Administration,-637.9111730833133,0.13015648329232543
Technology Architecture,691.6286194417415,0.13064281143820203
leading technical teams,516.6329720292003,0.13181797383271981
Scripting,450.22635119694263,0.13339816530533513
Image Processing,-228.70539303079565,0.13527532339197826
Software Documentation,-810.4782254856452,0.13936430624712276
application performance,-255.04014856375875,0.14140597668753882
User Interface and User Experience Optimisation,-255.04014856375875,0.14140597668753882
Database Security,-255.04014856375875,0.14140597668753882
Efficiency,-255.04014856375875,0.14140597668753882
Corporate Security,-255.0401485637588,0.14140597668753882
implemented Salesforce,-296.49939894085543,0.1424050843337281
Salesforce Training,-296.49939894085543,0.1424050843337281
Salesforce Administrator,-296.49939894085543,0.1424050843337281
Salesforce,-296.49939894085543,0.1424050843337281
Cyber Security,-312.60172750613145,0.14389756031124698
Enforcement,-312.60172750613145,0.14389756031124698
Artificial Intelligence,411.85200866480943,0.14608645548925242
React Native,-529.7892072471518,0.146103531344781
Transaction Processing,454.85962059421865,0.1492873794527236
Data Visualization,-184.37722884857277,0.1505116227833537
Test Engineering,-184.37722884857277,0.1505116227833537
Silicon Photonics,-184.37722884857277,0.1505116227833537
Data Analysis,-184.37722884857277,0.1505116227833537
Laboratory,-184.37722884857277,0.1505116227833537
Experimentation,-184.37722884857277,0.1505116227833537
Physics,-184.37722884857277,0.1505116227833537
Semiconductor Industry,-184.37722884857277,0.1505116227833537
ReactJS,530.5736397282864,0.1545160835220514
ECS,340.8556341721986,0.1560551770092833
Software Quality Assurance,-316.474746833276,0.15615527327398446
Git,-561.8822366634363,0.15705321225730398
User Acceptance Testing,-244.05375157172276,0.16455868031501142
Engineering Safety and Security Standards,413.17377475128524,0.1695688679345498
Resource Allocation,413.17377475128524,0.1695688679345498
Web Technologies,-787.6917979378252,0.1743855164033042
Databases,394.56716707595484,0.1747325513775534
Algorithm Development,258.3676150757531,0.17488880580232738
Data,339.69854667001175,0.17694351078131604
Mobile Applications,-360.68166504790435,0.17740159342199374
Spring Boot,490.4956767442696,0.17768313536627162
Code Review,487.2942415590655,0.18038175279575916
Docker Container,548.1234906121093,0.18168865157967892
ASP.NET MVC,-184.8036447302075,0.18296357414754033
VB.NET,-184.80364473020657,0.18296357414754286
LINQ,-184.80364473020657,0.18296357414754286
Project Lifecycle Management,-184.80364473020657,0.18296357414754286
Sprint methodology,-184.80364473020657,0.18296357414754286
Public Cloud,-184.80364473020657,0.18296357414754286
Microsoft Technologies,-184.80364473020657,0.18296357414754286
Project Delivery,-343.91763563802914,0.18805807463993401
Crystal Reports,-175.9672171196309,0.19289418222335725
Biometrics,-175.96721711962843,0.19289418222336305
Identity Management System,-175.96721711962707,0.1928941822233666
Java Enterprise Edition,-175.96721711962707,0.1928941822233666
Microsoft Message Queue,-175.96721711962707,0.1928941822233666
Spring Batch,-175.96721711962707,0.1928941822233666
Enterprise Programme,-175.96721711962707,0.1928941822233666
Log Analysis,-175.96721711962707,0.1928941822233666
Quartz Crystal Microbalance,-175.96721711962707,0.1928941822233666
Vendor Coordination,-224.5505474457721,0.19465949548127656
project management framework,-224.5505474457721,0.19465949548127656
Process Development,-224.5505474457721,0.19465949548127656
Software Project Management,-224.5505474457721,0.19465949548127656
WPF,285.8802645822562,0.19562091982507845
Scalability,-573.5045302418292,0.19568545883475497
Odoo,365.0079641805977,0.19585845273425392
Infrastructure Deployment,204.77739982044176,0.19593202498070236
IT systems implementation,204.77739982044176,0.19593202498070236
improve system performance,204.77739982044176,0.19593202498070236
Maintenance of data integrity,204.77739982044176,0.19593202498070236
Strategy Alignment,204.77739982044176,0.19593202498070236
risk management support,204.77739982044176,0.19593202498070236
Business Systems,204.77739982044218,0.19593202498070245
Business Continuity Planning,204.77739982044122,0.1959320249807031
Bash Scripting,234.7395955076932,0.1968835715557627
IT Security Best Practices,234.73959550769305,0.1968835715557632
MySQL DBA,234.73959550769305,0.1968835715557632
JIRA,646.8070517030376,0.19814924534200568
MS Project,-274.1605203134808,0.19941081308674746
PRINCE2,-274.1605203134808,0.19941081308674746
Budgeting,-274.16052031348005,0.1994108130867486
Blockchain,306.1218889146707,0.20156677142557855
Design-Build,266.7605656956192,0.201598535471149
Manage technology planning,-277.34338061616165,0.20297476049171428
Programming,-461.02750506194815,0.20433546864310298
Automation,259.19310487076143,0.20450298172315104
Atlassian JIRA,259.19310487076115,0.20450298172315332
Software Design Patterns,259.1931048707595,0.20450298172315484
IAM,259.1931048707595,0.20450298172315484
Stakeholder Management,310.02906028007294,0.20681824697113285
Continuous Integration and Continuous Deployment,390.79877922071006,0.2089151728952838
Critical Thinking,294.77276557169273,0.21263413946410953
systems reliability,-429.9643435687909,0.21683944739175393
Pipeline Development,371.92104790279336,0.21798140367170224
Biomedical Engineering,-188.53852632310978,0.22040538140635155
Cell,-188.5385263231091,0.2204053814063525
Clinical Decision Support,-188.5385263231092,0.22040538140635357
medical field,-188.53852632310864,0.2204053814063543
Life Sciences,-188.53852632310864,0.2204053814063543
Medicine,-188.53852632310864,0.2204053814063543
Ophthalmology,-188.53852632310864,0.2204053814063543
Technological Proficiency,-406.36459519429843,0.22061707021076157
Data Structures,365.01139017524366,0.22330774478803228
Responsive Design,-392.8707189357927,0.22667221621582043
Production Support,236.7447498485317,0.23017058784541333
Machine Learning,309.55184641937103,0.23315837195895744
CSS3,-452.8260619413016,0.23513624658185386
Mentorship,277.9200158520973,0.23516619088206597
test system requirements,290.4767180131383,0.23893916157890685
System Implementation,290.4767180131383,0.23893916157890685
System Monitoring,290.4767180131383,0.23893916157890685
mentorship to junior staff,-260.96820717564134,0.24029345394991494
control system applications,-260.96820717564134,0.24029345394991494
Emerging Technology,-260.96820717564134,0.24029345394991494
Cloud Computing Integration,-260.9682071756407,0.24029345394991594
Public Sector,236.83619308373656,0.24095754912659378
Liaising with cross functional teams,-510.12298740486193,0.2416074605577109
Evaluation,-386.87176700961925,0.24174737125718448
Analytical and Problem-Solving Skills,403.7724982551896,0.24181559147996412
Trunking,-471.3914742764013,0.24301523455836918
Java Web Services,309.5199219567462,0.24605470424778073
Agile,460.6228548326396,0.2519419908174162
Scalable Web Applications,-355.9669357163921,0.2550805357030704
Python scripting,363.4333333924947,0.2557428596443606
Operational Procedures,533.1348448694846,0.2663822571579068
UI Design,163.6714447862251,0.2673082059447934
MASSIVE,163.6714447862251,0.2673082059447934
Information Retrieval,163.6714447862251,0.2673082059447934
Material Design,339.08675120924346,0.26939078639689423
Requirements Gathering,-275.8285958691235,0.2709585365343097
Enterprise Architecture,291.5176879582718,0.2741312982956872
Administration,-124.54979750173462,0.2761084310963442
Student Development,-124.54979750173331,0.2761084310963477
Rail,-124.54979750173331,0.2761084310963477
Front Office,-124.54979750173331,0.2761084310963477
Teaching,-124.54979750173331,0.2761084310963477
Curriculum Planning,-124.54979750173291,0.2761084310963491
Accounting,-124.54979750173185,0.27610843109635397
Manufacturing Automation,-219.50083042060598,0.27632658352844136
Linux System Administration,-203.51179318659675,0.28025709963630113
System Administration,-203.51179318659675,0.28025709963630113
Virtualisation,-203.51179318659675,0.28025709963630113
Operations Management,-203.51179318659675,0.28025709963630113
DevSecOps,-203.51179318659675,0.28025709963630113
Mobile Handsets,256.8991011971546,0.2815397247083124
Technology Transfer,256.8991011971546,0.2815397247083124
Thought Leadership,256.8991011971546,0.2815397247083124
Learning and Development Strategy,-204.2700841553201,0.2894949469265925
Employee Wellness Programs,-204.2700841553201,0.2894949469265925
Mentoring and Coaching,-204.2700841553201,0.2894949469265925
Project Administration,-204.2700841553201,0.2894949469265925
Process Operations Troubleshooting,-293.79780893957826,0.2933749029932166
Query Optimization,-293.79780893957826,0.2933749029932166
Computer Vision,-268.0600815799699,0.29452389122207107
Writing,242.08914123154133,0.2949548687067619
Reliable,-265.27542786499674,0.29526195896851426
enhancing the features,-265.27542786499674,0.29526195896851426
JSP,219.22233932921165,0.30004778990433123
EJB,219.22233932921165,0.30004778990433123
Content Management,149.1403860907333,0.30245805052476965
Laravel,149.1403860907328,0.3024580505247712
WordPress,149.1403860907328,0.3024580505247712
Aesthetics,149.14038609072773,0.3024580505247819
monitoring SLAs,-234.59470217991515,0.3041344885042762
Security Compliance,-234.59470217991515,0.3041344885042762
Software Installation,-234.59470217991515,0.3041344885042762
Zookeeper,-220.50341631839652,0.30454098156498793
Server Architecture,-220.50341631839652,0.30454098156498793
Network Architecture,-220.50341631839652,0.30454098156498793
MySQL server,-220.50341631839652,0.30454098156498793
Facilitation,-236.64468977946717,0.3238358792401018
XML,202.62657758733087,0.32535597401539473
Quality Assurance,-261.65235764534975,0.32830741434792043
Performance Metrics,238.77139030999476,0.33282941339730265
market research techniques,238.77139030999476,0.33282941339730265
Application Support,-279.09380770860764,0.3340802180563013
Problem Solving,-237.1266311159044,0.3355041482313715
Negotiation,217.0391352014367,0.3356606907952608
Patch Management,-243.2210135900345,0.33982901639571655
JUnit,-269.53134535980155,0.3403005189160552
Reliability,-341.9136064605609,0.3435251928833464
REST,935.8069224077199,0.3515978312276351
Security,263.1096567164459,0.3571854282102007
Algorithms,217.03756492461494,0.3583059215922148
Computing,207.75109583854376,0.3642309515525526
Apache Camel,112.60248610566063,0.3671659343867311
JBoss Application Server,112.60248610565672,0.36716593438674927
MyBatis,112.60248610565672,0.36716593438674927
Tomcat,112.60248610565672,0.36716593438674927
Object Modeling,112.60248610565672,0.36716593438674927
Payment Processing,112.60248610565672,0.36716593438674927
Troubleshooting,-334.80325228148126,0.37401762758475343
C Language,-351.8798206927871,0.3748001523933943
Security Architecture Design,-224.2576465574115,0.37801561435120756
Technology Scanning,-224.2576465574115,0.37801561435120756
C#.NET,-258.5442467848939,0.3790249665069003
Ansible,521.7290270742377,0.3799542654483491
Research and Development,-193.90589722461954,0.3829243803308186
Robotics,-160.7009942435863,0.383473270453748
Agile Testing,168.132127987811,0.3864731110608376
Logistics and Transport,168.13212798781169,0.3864731110608378
Test Management Tools,168.13212798781169,0.3864731110608378
Execute software releases,168.13212798781169,0.3864731110608378
Motivation,168.13212798781169,0.3864731110608378
Test Automation Framework,168.13212798781169,0.3864731110608378
Progress Monitoring,168.13212798781169,0.3864731110608378
System Deployment,285.2852007323235,0.3898137135400391
software debugging,-253.69488851406325,0.39059825061340253
object orientated programming,-253.69488851406325,0.39059825061340253
Scheduling,-221.15914924916163,0.3929824662664687
AngularJS,-400.69882585187133,0.40043258888964495
MS SQL,-194.13288665566932,0.4014162777782248
MVC,-876.4575654156238,0.412157090962527
Software Development Methodologies,373.6702904495363,0.41341380103532716
Architectural Engineering,-296.0744427568865,0.42239147411471617
Distributed Team Management,-296.07444275688624,0.42239147411471717
WebGL,229.20425999945937,0.4245643410722604
Application Performance Management,229.20425999945982,0.42456434107226265
Process Improvement,180.22467752825452,0.42767856887356376
Drug Development,101.21599786049195,0.4310923808367323
Drug Discovery,101.21599786049195,0.4310923808367323
Project Cost,101.21599786049195,0.4310923808367323
Driving License,101.21599786049195,0.4310923808367323
Ability to Multitask,101.21599786048945,0.4310923808367432
Information Systems,364.1539485479,0.4314156684071919
Architectural,-215.50481132797006,0.4344082097436617
Stakeholder Engagement,135.62019522324456,0.44534422602975754
Systems Engineering,135.62019522324456,0.44534422602975754
Kanban,135.62019522324456,0.44534422602975754
Test Environments,113.82660402924596,0.44983186892607424
technological knowledge,113.82660402924596,0.44983186892607424
Technical Specialists,113.82660402924596,0.44983186892607424
Network Infrastructure,113.82660402924596,0.44983186892607424
LAN/WAN,113.82660402924596,0.44983186892607424
CCIM,113.82660402924556,0.4498318689260758
CCIE,113.82660402924431,0.4498318689260806
Release Management,67.14727969969803,0.4509547779814419
TCP,67.14727969969803,0.4509547779814419
Unix Operating Systems,67.14727969969803,0.4509547779814419
HTTP,67.14727969969803,0.4509547779814419
SQL Database Design,67.14727969969803,0.4509547779814419
application troubleshooting,67.14727969969803,0.4509547779814419
Shell Scripting,67.14727969969803,0.4509547779814419
Financial Systems,67.14727969969803,0.4509547779814419
CUDA,166.24927184067178,0.4510585678761558
Kubernetes,245.63188333151962,0.4519975861470402
C#,-259.0863675045306,0.45660927453687883
ERP,213.3005029438365,0.4589607827163082
Solution Architecture,334.2844574424709,0.46103395010334625
Agile Software Development,187.61102978431873,0.46210612134949675
Scrum,-398.42790308160284,0.46271337093798776
Performance Management,254.29189668132364,0.4644527334741975
QA Testing,-156.75161918441717,0.47299363004355344
Quality Improvement,-156.75161918441717,0.47299363004355344
Smart forms,242.2751716124852,0.474526758506547
HTML Scripting,170.3717357393533,0.4828178027528774
SCADA,170.3717357393533,0.4828178027528774
RDBMS,170.3717357393533,0.4828178027528774
Multithreading,121.90871784127441,0.4830454393867521
External Project,180.36029602882874,0.48687699616213576
scientific discipline,180.36029602882874,0.48687699616213576
Conflict Resolution,180.36029602882778,0.48687699616213814
Bootstrap,215.83343948262186,0.48955062083773127
Combined Programming Language,190.06237920209165,0.49319818870632676
Soft Skills,181.99422198885134,0.49759566861367843
MSSQL,142.02211613837832,0.4983793159262869
Cross-platform Development,142.02211613837804,0.4983793159262876
database tuning,140.78203746022638,0.49873962360621754
performance tuning of Queries,140.78203746022638,0.49873962360621754
SQL Tuning,140.78203746022638,0.49873962360621754
Java Programming,-247.66466868382136,0.5010791810386499
Java Application Development,-247.66466868382136,0.5010791810386499
Core Java,-247.66466868382054,0.5010791810386515
Security Awareness,-213.45847597930657,0.5077811214944428
Software Architecture,-186.04697950772422,0.516961347023849
SQL Azure (Cloud SQL Server),-155.98204216281877,0.5173898135074486
Flow Chart,-90.1820774743688,0.5175877978461959
Visual Identity,-90.1820774743688,0.5175877978461959
Enterprise Vault,-90.1820774743688,0.5175877978461959
Storage,-90.1820774743688,0.5175877978461959
Endpoint Encryption,-90.1820774743688,0.5175877978461959
Credentialing,-90.1820774743686,0.5175877978461969
Chrome,-90.18207747436797,0.5175877978461977
Code Generation,-90.18207747436828,0.5175877978461996
Architecture Frameworks,-438.01210332095,0.520316560124639
Operating Systems,-171.5229802978898,0.5288481563764005
Design Development,-171.5229802978898,0.5288481563764005
Web Services,-159.37700320223698,0.5308904946006032
Test Driven Development,200.21702809374142,0.5333984359846163
Multi Tasking,-105.89622688940769,0.5357601830282048
Derivatives,-105.89622688940769,0.5357601830282048
Software,-105.89622688940769,0.5357601830282048
QAQC,-105.89622688940769,0.5357601830282048
Cross-cultural Communication Skills,-105.89622688940761,0.5357601830282049
Stem,124.89469229444316,0.5376660699548552
Proof of Concept,124.89469229444316,0.5376660699548552
Atlassian Confluence,124.89469229444303,0.5376660699548552
Flask,-107.79804071752069,0.5433358889703762
Webbased Software Development,-107.79804071752069,0.5433358889703762
Scalable Systems,-107.79804071752069,0.5433358889703762
Predictive Analytics,-107.79804071752069,0.5433358889703762
technology roadmap,-151.43154090413756,0.5451580486154277
MS Sharepoint,-151.43154090413756,0.5451580486154277
Product Strategy Roadmap,-151.43154090413756,0.5451580486154277
Communication,-151.43154090413748,0.545158048615428
HTML5,-222.82571595007533,0.5453525973783865
Service Development,-319.48740343728787,0.5482597046468642
Google Cloud Platform,-236.25398296589833,0.5489840840377986
Testing,198.23391227972803,0.550136734467001
Concurrent Programming,-136.16653462921377,0.5625694295559279
MS Access Database,-136.16653462921352,0.5625694295559286
Security Audits,-136.16653462921352,0.5625694295559286
APIs,188.5987886809735,0.563884197469959
Jenkins,319.0567794659803,0.5656137627160963
enforces coding standards,-873.5424345843911,0.5705747571856988
Confluence,-176.96080565366705,0.5726735060816508
Business Process,-120.6244014382996,0.5738233492311807
Computer Engineering,277.7300480928631,0.5739154748981811
Arranging,-491.50687109587034,0.5778256949154073
ICT,-125.02013422274769,0.580535470790546
Communication Skills,248.72730859102978,0.583448166025206
AWS Lambda,-98.42341259386538,0.5837029431390641
Amazon AWS,-98.42341259386522,0.583702943139066
Mocha,-98.42341259386494,0.583702943139066
design database schemas,-98.42341259386494,0.583702943139066
Reliability Testing,-98.42341259386494,0.583702943139066
End-User Development,148.96800748993724,0.5873039317485745
technical requirements,-232.83014757952517,0.5956032316518806
Integration,-172.4661038722782,0.5957763740246386
Implemented Code,-154.0420847624789,0.5974347237299127
Terraform,-153.2518809128136,0.5981540237768337
Design for Maintainability,206.23385295215698,0.5992340728746676
WCF,151.48905763611268,0.5992841848326516
Aspnet MVC,151.48905763611154,0.5992841848326538
CSS,435.8069224077197,0.6068781687958651
Electrical,-93.64122247429808,0.6093089162309326
requirements development,73.74772444983408,0.6130416489978419
TDD,-134.29841257631523,0.615241909426171
Usability Testing,145.98811790361336,0.6186731834218568
Computer Hardware,145.9881179036127,0.6186731834218585
Software Engineering,-156.81827187625387,0.6208500817503584
Node.js,750.0000000000057,0.6232296425809717
well-documented code,-201.85730932440202,0.6234358977457388
tuning system performance,-79.7213788581717,0.6273444105997804
Redis,-79.7213788581717,0.6273444105997804
Rocket U2,-79.7213788581717,0.6273444105997804
Tuning of applications,-79.7213788581717,0.6273444105997804
Apache ZooKeeper,-79.72137885816989,0.6273444105997881
Software Integration Testing,142.08577908802712,0.6327476218174813
requirements from stakeholders,155.40193457079678,0.6328529655364166
Interpersonal Skills,-103.3531853538086,0.6333989665849191
SQL Server,-167.10125130658045,0.635016839847252
Code Enforcement,168.5317863280586,0.6360202967749788
Continuous Integration,-236.4679499089758,0.6375494633068693
TypeScript,-166.69994112923678,0.6378217190902582
HTML,-223.41392107059826,0.6418702883657476
Front-end Engineering,137.43555789103007,0.645384482788992
Training Delivery,-100.41433881104615,0.6456288218031739
Test Environment Setup,-100.41433881104615,0.6456288218031739
File Management,-100.41433881104615,0.6456288218031739
Test-Driven Development,-135.32126447778438,0.648445359375147
Arm Cortexm,-60.12172341929242,0.6508706101564186
Windows Embedded,-60.121723419292124,0.65087061015642
Firmware,-60.121723419292124,0.65087061015642
Develop software,-60.121723419292124,0.65087061015642
Embedded Linux,-60.121723419292124,0.65087061015642
develop the GUI,-60.121723419292124,0.65087061015642
ARM,-60.121723419291634,0.6508706101564236
Project Management,125.77048449000189,0.6514812912535795
Mobility,-94.05238090592327,0.6568923568933532
OWASP,-65.84872620787432,0.6577219023007843
Business Alignment,-65.84872620787401,0.6577219023007858
Team Collaboration,-91.43488906262446,0.6594700613511992
Electronics,92.86792993657373,0.659987036640325
Agile & Waterfall Methodologies,145.8032372064115,0.6604371740355827
Gemini,120.64985836230416,0.6604837550591931
Vector,120.64985836230416,0.6604837550591931
SAP,160.978414365841,0.6660376138748811
VueJS,-118.44337990907849,0.6688459109970797
Software Development Life Cycle,124.27554475881115,0.670067214681231
Computer Science,-750.0000000000078,0.6703384239274961
SDLC,121.53740317004755,0.6718689912331856
graphical displays,-82.43865630783428,0.6748530800905569
ETL specification,-82.43865630783428,0.6748530800905569
documentation of specifications,-82.43865630783428,0.6748530800905569
Foundations,-82.43865630783428,0.6748530800905569
remove inefficiencies,-82.43865630783428,0.6748530800905569
Usability,-70.78467644685455,0.6804237588368208
Cryptography,84.3797635404268,0.6838756990201886
Stackless Python,128.6937378848009,0.6891768458104941
Manufacturing,-72.01265185185801,0.6956063640730441
ClickHouse,-102.68921008162376,0.7020001779649426
REST APIs,-122.79059110068498,0.7047428576103361
Airline Reservations,-90.79732425273072,0.7084536233007573
provide feedback,-90.79732425272996,0.7084536233007598
Azure Machine Learning,-90.7973242527285,0.7084536233007643
Architects,-128.5266111653819,0.7104700112641413
Cloud Applications,-88.05283925376771,0.7105136151946819
Technical Direction,-101.60398307877293,0.7168315734445518
DynamoDB,-137.83057037203307,0.7179909535027174
System Integration,74.81587602218653,0.7199837106319801
AWS,102.31497760398653,0.7219690328903434
Debugging,-108.93429724477036,0.7256942112236208
Sustainability,308.49312890412324,0.7264143269556264
Technical Delivery,46.78143453766211,0.7270368559549809
Applied Research,61.95935490913963,0.727562713614772
Upstream,61.95935490913861,0.7275627136147761
Electrical Engineering,61.95935490913861,0.7275627136147761
Spring Framework,-139.76423631891473,0.7282441454813
Project Coordination,61.48261541094372,0.7370912345801561
Technical Architecture,-73.58098153291814,0.7381382905399904
resolve system issues,-68.52520753033612,0.7452111815284154
Front-end Development,148.51014582072622,0.7459531138303007
Design Patterns,143.19408281320975,0.747562175313218
front end application,100.51052211465893,0.7484678612314482
web front ends,100.51052211465893,0.7484678612314482
web front end,100.51052211465893,0.7484678612314482
Data Visualisation,61.42330637206584,0.7495475241141614
Requirements Analysis,61.42330637206584,0.7495475241141614
Engineering Mathematics,61.42330637206584,0.7495475241141614
Terminology,61.42330637206584,0.7495475241141614
WPF Development,44.702777854390035,0.7526362216120903
SSIS,44.702777854390035,0.7526362216120903
SSRS,44.702777854390035,0.7526362216120903
WinForms,44.702777854390035,0.7526362216120903
C# .NET 4.0,44.7027778543892,0.7526362216120945
Test Management,62.94564337001957,0.7560671143445322
Source Code Reviews,-118.34601830558935,0.7585284421832917
Wireframes,37.51583053401394,0.7616043203991277
User Stories,37.51583053401394,0.7616043203991277
UX Design,37.51583053401394,0.7616043203991277
Storyboarding,37.51583053401394,0.7616043203991277
User Experience Testing,37.51583053401394,0.7616043203991277
Design,78.56017510729575,0.7746223027329373
System Integration Testing,-54.51491797943901,0.7807065278269743
Documentation,-113.1770277046322,0.7824471518636891
enhance visuals,-113.1770277046322,0.7824471518636891
Software Deployment,58.77237838806574,0.785851368775719
MongoDB,99.84298470610386,0.7889284950193135
Visualforce,-41.89136442811269,0.7935374776946303
SaaS,-41.89136442811269,0.7935374776946303
IT Governance,-100.28144827467453,0.7943206672879766
security issues,-100.28144827467453,0.7943206672879766
Cloud Infrastructure,-68.51880436962553,0.795988119602183
Gitflow,61.74337059308224,0.7964630871638683
Project Engineering,28.928755124688696,0.8026589754807615
Team Facilitation,28.928755124688696,0.8026589754807615
New Product Development,28.928755124688696,0.8026589754807615
Marketing Planning,28.928755124688696,0.8026589754807615
Vue.js,-66.6033412450684,0.8041821027059589
PHP,62.14029480327896,0.8089038714966273
Cybersecurity Framework Application,39.246418295159195,0.8109256629846591
product backlog,39.246418295159195,0.8109256629846591
UAT Coordination,39.246418295159195,0.8109256629846591
project scope management,39.246418295159195,0.8109256629846591
Business Operations,39.246418295158975,0.8109256629846605
Business Process Improvement,39.24641829515784,0.8109256629846651
Analyzing software requirements,39.24641829515759,0.8109256629846667
UI,105.89089420272701,0.8169421974410527
Work With Product Managers,52.629017041833904,0.8169567724411501
Full Stack Development,94.34746625972504,0.8211065065609157
Java Applications,68.95624426395541,0.8213832295103711
New Product Ideas,34.501306154674054,0.8238356725855379
controlling project schedules,34.501306154674054,0.8238356725855379
NLP,37.398270776548635,0.8246259381642278
Presentation Skills,37.398270776548635,0.8246259381642278
GNU E,37.398270776548635,0.8246259381642278
Cross Functional Team Building,37.39827077654827,0.8246259381642295
Fastlane,-69.52367599052407,0.8249356202849072
Network Security,-42.7535642019722,0.8262961144573506
Agile Methodologies,52.300005079975826,0.8274548290109416
Certifications,42.571354105312686,0.8311157837479852
Vulnerability Management,-76.64789678597872,0.8365739566262196
Authorization,49.27046100648531,0.8378903461480702
Camera,27.837532079523275,0.8415053393831118
Baseball,27.837532079522926,0.8415053393831133
OpenCV,27.837532079522155,0.8415053393831174
Golf,27.837532079522155,0.8415053393831174
Segmentation,27.837532079522155,0.8415053393831174
Postgres,-58.976076777017546,0.8417450522197601
Continuous Delivery,-58.976076777016324,0.8417450522197634
Consulting,70.35128057939127,0.8470209843667545
Analog,-27.259748470753873,0.8522717520711254
Process Control,-27.259748470753145,0.8522717520711293
Field Service,-27.259748470753145,0.8522717520711293
VC,-27.259748470753145,0.8522717520711293
Windows XP,-27.259748470753145,0.8522717520711293
MFC,-27.259748470753145,0.8522717520711293
Solution Delivery,42.50176571975209,0.8542944263974367
Front-end Design,42.50176571975209,0.8542944263974367
Information Technology,-67.28080447415272,0.8569897502624567
Professional Experience,55.621159732041484,0.8604887459025099
Incident Management,-29.292435608224874,0.8632067644018803
System Design,-62.90339255604331,0.8653695819485437
Test Cases,28.25649095205661,0.8683012532441775
.NET,-96.18223266743897,0.8732201393340255
J2EE,-31.335712215451352,0.8807065271884821
HTML/XML,-31.335712215451352,0.8807065271884821
Linux,67.27720475805133,0.8816201148046071
RTOS,30.497416595809728,0.8822008548702364
Microcontrollers,30.497416595809728,0.8822008548702364
Bash,-53.885910818057674,0.8857816189543156
Solution Development,-40.50242474294078,0.8895179080040644
Systems Analysis,-40.50242474294078,0.8895179080040644
Apache Kafka,34.000011644653554,0.8917131833545596
Docker,-45.98976026165316,0.8937969915515837
design requirements,40.90194169586334,0.8998273735822161
COBOL,21.50439751326932,0.9014664205528372
DB2/SQL,21.504397513269087,0.9014664205528385
Design Standards and Specification,21.504397513269087,0.9014664205528385
Payment Services,21.504397513269087,0.9014664205528385
managing communication,21.504397513269087,0.9014664205528385
Banking,21.50439751326874,0.9014664205528403
PostgreSQL,40.386736134091294,0.9097042197188959
Degree in psychology,30.479892397069914,0.9117464506371306
Competency Management,-26.81795154971624,0.9175604700511703
Maestro,-26.8179515497155,0.9175604700511725
Technical Skillset,-26.8179515497155,0.9175604700511725
Change and Configuration Management,20.92203655662818,0.9181101342191028
Customer Focus,20.92203655662741,0.9181101342191059
Creative Thinking,20.922036556627056,0.9181101342191073
maintaining quality documentation,20.92203655662699,0.9181101342191076
programming specifications,20.92203655662699,0.9181101342191076
test documentation,20.92203655662699,0.9181101342191076
Project Development,20.92203655662699,0.9181101342191076
Customer Success,22.627697802278707,0.9229733476758772
Hibernate,-21.317315287569127,0.9253042819955634
Web API,19.53194194395259,0.9296213854413742
OAuth,-21.695926470660158,0.9337151768731647
Agile Project Management,-22.48576656382781,0.9338718423838072
Application Development,27.04606569123656,0.936289562002718
Angular.js,23.578736229296716,0.9398212498764933
Application Integration Architecture,-12.021873322683408,0.9403382727453705
Enterprise Technology Sales,-12.021873322683389,0.9403382727453707
WMS,-12.021873322683389,0.9403382727453707
Business Solution Architecture,-12.021873322682113,0.9403382727453771
Systems Design,41.844190991721526,0.9419596689392176
Technical Documentation,20.585589220243047,0.9545781338584637
Java script,-15.200004702592016,0.9573130593541233
Test Automation,-11.105866150863825,0.9583554383011955
Java 8,10.289767439689959,0.959351382397094
Spring Data,10.289767439689959,0.959351382397094
Technical Development,10.289767439689959,0.959351382397094
Client Communication,10.289767439688918,0.9593513823970984
Microsoft Excel,-12.070033133655844,0.9651528768854887
Java,-10.47866625466697,0.9656486248560682
JBoss,-8.626311410118563,0.9668396620109074
Large Scale Deployments,-8.626311410118563,0.9668396620109074
DNS,-8.626311410118563,0.9668396620109074
coordinating developers,-8.626311410118563,0.9668396620109074
DevOps,15.613746700697613,0.9678213366237143
User Interface,-7.611233093684729,0.9725617071586701
SAPScript,9.445024032960479,0.9737651938780786
EDI,9.445024032960479,0.9737651938780786
SD,-20.11516391741626,0.9747131587534729
Android Application Development,6.919825601806408,0.9752157930273887
Smartforms,-7.50777131300558,0.9805984387975113
SAP ERP,-7.50777131300558,0.9805984387975113
Python Programming,7.302491261388636,0.9816595807945082
Private Cloud,6.400635541189235,0.9839757608195753
Go,6.400635541189235,0.9839757608195753
industry trends,-4.069105978486135,0.9853828553747318
Agile Methodology,4.385624605317984,0.9870080380673246
